{"loss": 2.0029656887054443, "_timestamp": 1707706009.163556, "_runtime": 157.26828908920288, "_step": 999, "_wandb": {"runtime": 156}}