{"loss": 1.881079912185669, "_timestamp": 1707689916.7893178, "_runtime": 165.68252992630005, "_step": 999, "_wandb": {"runtime": 165}}