{"loss": 1.0674279928207397, "_timestamp": 1707676816.4110458, "_runtime": 3881.1639816761017, "_step": 4999, "_wandb": {"runtime": 3881}}