{"loss": 1.881079912185669, "_timestamp": 1707689428.949963, "_runtime": 167.31623721122742, "_step": 999, "_wandb": {"runtime": 166}}