{"loss": 1.881079912185669, "_timestamp": 1707691252.21992, "_runtime": 153.7458770275116, "_step": 999, "_wandb": {"runtime": 153}}